Title,Release Month-Year,Director,Genre,User Rating,Gross Income
Task,March 1980,David Sanchez,Fantasy,6.3,89771736
Fall Food Light Popular,January 2006,Scott Craig,Sci-Fi,2.3,71525822
West Painting Million,January 2010,Sara Mitchell,Documentary,8.5,54556799
Everybody Write Part,August 2010,Natalie Harris,Horror,3.0,81420656
Teacher Find,August 2005,Scott Craig,Action,2.8,1485533
If Nor Finish,October 1993,Natalie Harris,Action,3.3,33971361
Similar Dark If,October 2009,Kelly Foster,Fantasy,2.6,36860560
From Bar Live,June 1984,Dr. Luis Schmidt,Documentary,6.6,5400540
Require Read,June 2023,Daniel Sullivan,Animation,7.3,97925650
Manage Cold,April 2016,David Sanchez,Action,5.4,68982509
Talk Tv Including,July 2009,Scott Craig,Animation,2.3,68071684
Member Catch Safe Wind,October 2005,Daniel Sullivan,Comedy,6.1,34788480
Establish,May 2010,Toni Reynolds,Romance,5.2,77815108
Month Could,December 1991,Bradley Berger,Sci-Fi,5.5,78404742
Part Doctor,August 2013,James Phillips,Drama,1.6,26147269
Play Story Give,April 2003,Scott Craig,Documentary,8.4,99697844
Kind Fear,January 2000,Natalie Harris,Thriller,2.1,57501432
Deal Can,October 2021,Kelly Foster,Action,7.5,24053013
Man Sit,February 1980,Dr. Luis Schmidt,Animation,2.3,10160476
Simply Travel,August 1988,Dr. Luis Schmidt,Drama,5.4,19412046
Figure After,July 2001,Natalie Harris,Romance,1.9,35301735
Expert,April 1986,Dr. Luis Schmidt,Horror,5.0,65433476
Lot Nice,September 1988,Scott Craig,Drama,5.5,76938141
Perhaps,November 1981,Dr. Luis Schmidt,Romance,3.5,4093460
May Finally Agreement,July 2023,Dr. Luis Schmidt,Thriller,8.3,65008189
Administration Truth Reality Imagine,February 1984,Robert Hoover,Romance,1.4,98039196
North Health,August 2013,Meredith Ramos,Action,5.7,6703505
Hour Campaign,April 1996,Anthony Williams,Animation,5.1,48218007
Concern Leave Business,June 2019,David Sanchez,Thriller,5.2,24205675
Season,August 2015,Bradley Berger,Sci-Fi,8.7,91567220
Animal Appear,January 1980,Jennifer Williams,Romance,2.4,33059349
He Husband Magazine,April 1981,Keith Mccall,Action,3.8,97869091
Either Add Yard,November 2003,Scott Craig,Documentary,6.5,51997047
Behind,June 2017,Meredith Ramos,Documentary,3.5,31486099
Glass Short Authority,December 1985,Jennifer Williams,Romance,5.7,52711640
Team Its Though,July 2020,Anthony Williams,Thriller,3.8,50948189
Fight Arm,August 2007,David Sanchez,Action,1.3,21140706
Rich Area Mean,July 2005,Bobby Martinez,Comedy,7.3,25281906
Good Skin Certain Financial,September 2009,Natalie Harris,Horror,4.8,54886435
General Its Than,March 1983,Robert Hoover,Documentary,9.9,38802362
Suggest Happen,June 2015,Jennifer Williams,Romance,8.1,6508878
Movement,May 1992,Kelly Foster,Horror,7.5,24176869
Question Own,September 2020,Yvette Avila,Thriller,2.1,37716303
She,November 1995,Laura Cunningham,Sci-Fi,8.0,35880880
Local Business Off Stay,February 1986,Bradley Berger,Action,4.5,47674722
Actually Hour Girl,May 1994,Meredith Ramos,Horror,4.5,45608147
Technology Place,November 2009,Natalie Harris,Horror,3.7,33949606
Who Light Store,May 2006,Anthony Williams,Action,9.9,55227177
People Plant Mind,October 1986,Robert Hoover,Fantasy,5.2,46291377
Stage Nearly,June 2004,Bobby Martinez,Romance,5.7,35569990
Feel Year Newspaper Republican,February 2010,Daniel Sullivan,Thriller,6.1,71171758
Sound Exist Side,May 2002,Jennifer Williams,Horror,5.0,78456636
Firm Magazine,March 1984,Natalie Harris,Fantasy,3.2,19832827
Drop Matter,November 1994,Sara Mitchell,Horror,8.5,31931016
Machine Ask,March 2012,David Sanchez,Documentary,7.1,8128741
Itself,December 1990,Meredith Ramos,Sci-Fi,3.3,65745358
Over Nothing Foot,October 2002,Dr. Luis Schmidt,Comedy,6.1,72785529
Business Cold Over,May 2007,Sarah Solis,Sci-Fi,5.4,79603238
Human Deal Sit,May 1983,Scott Craig,Horror,1.2,87551068
Remember Still Agree,April 2010,Yvette Avila,Romance,2.8,52883541
